,tweet,polarity_score
0,sometimes this happens  eurusd reached entry didnt think it would with huge swing  took entry 1st profit and stopped at entry,0
1,entered short gbpusd pending long euraud and usdcad short audusd,0
2, buy 20m of eur and usd and sell chf,0
3,eurusd ss cover some here sub 32 and it goes to 29,0
4,got another customer in norway and they prefer pricing in usd not eur is it because they are an oil exporter customers in denmark like eur,0
5,italy bond issue nov 29 likely to drive eur lower ahead of event anxiety and usd spike ahead see earlier comments on eur short above 140,0
6,just got to my desk eurusd long was stopped for 29 pips loss no worries about it will look at the charts and post what i see,0
7,problems around the eu bear day for the eurusd pairing and the likely beneficiary is the gbp due to gold increase and thanksgiving,0
8,hunting entries on pullbacks in eurusd gbpusd audusd nzdusd sort and usdcad  usdchf long supported by lower gold oil and copper,0
9,next shot long for eurusd 3250  now gearing up a bit to lev 5 no greed and not toooo much lev pleazzzze ,0
10,spot eurusd must move lower than 13265 and 13250 towards 13200 to progress decline any counter trend move must reach 13322 to break up,0
11,breaking news  eurusd touched new lows following merkels comments on joint eur bond issuance and in the illiquid conditions of the,0
12,update  eurusd touched new lows following merkels comments on joint eur bond issuance and in the illiquid conditions of the us,0
13,news now  eurusd touched new lows following merkels comments on joint eur bond issuance and in the illiquid conditions of the us,0
14,attention fx news  eurusd touched new lows following merkels comments on joint eur bond issuance and in the illiquid conditions of,0
15,currency news gtgt  eurusd touched new lows following merkels comments on joint eur bond issuance and in the illiquid conditions of the,0
16,usd starts eu session under pressure and breaking below the 133 level,0
17,citi warns of barriers below 133 in eurusd and a break below there would open the way up for a quick plunge to 130,0
18, 90148 is the opening figure to the usd 12016 to the eur and 139685 to the gbp for the kes,0
19, on cnbc talking usd eur and favorite trade  ,0
20,guess turkeys are under rated in the eurozonewhere chickens are the bird of choiceand the eurusd on the road to 32 cluk cluk,0
21, according to headlines and effective market theory everything is priced in eurusd should already be testing parity its not,0
22, eurusd solid bids reported at 13315 and 13310 barrier option at 13300,0
23,forexlive asian market open eurusd stalled at 13315 overnight exactly where the big bids are supposed to start and previous support le,0
24,rt cb01 volatility in exchange rates and usd appreciation against eur will be snow and rain of 12 corporate earnings reports,0
25,turkey in the oven back to watching my eurusd shorts and the thanksgiving day parade,0
26,strongly bullish aud right here 9705 eur aud also overbought on dailies and aud well oversold too against the usd on dailies,0
27,buy eurusd and take profit 13350,0
28,one last thing just after the merkonti meeting roubini appeared eurusd and stocks in decline in italy we say porta merda total crap,0
29, stops on eurusd bellow seid level means there could be long covering and price could shoot up ,0
30, sweden might soon face a threat of export when investors fleeing from eur and usd start to buy sek obsessively same as with chf,0
31,wpt thanks i guess it depends on timeframe one is trading ill become bearish risk only if the lows in audusd and eurusd are broken,0
32,the usd is currently selling  10642 gbp  16723 and eur  14477  please call for rates on large trades 5197637330,0
33, how many different currencies do you currently have in your wallet i have 5 lt  currently 3 usd gbp and euros lt gbp dkk eur,0
34,european equities took a legg down after fitch downgraded portugal to junk and warned for a recession eurusd 13379,0
35,zar bounces off lows as euro struggles to make ground top 40 stronger and dow looks to open higher usd at 853 eur 1141 and gbp at 1324,0
36, i turned off tv early today premarket guy called for 131 and then 129 in eurusd we probably made a low point there lol,0
37,eurusd barrier at 13300 there are bids ahead of it and from 1332030 offers are up at 1339000 and up to 13415 with buy stops a,0
38,eurusd drops to 13359 and the break of 13421 support confirms the downside and will be seen to retest 13145 support,0
39,eurusd drops to 13359 and the break of 13421 support confirms the downside and will be seen to retest 13145 support,0
40,volatility in exchange rates and usd appreciation against eur will be snow and rain of 12 corporate earnings reports,0
41,i cant rule out another leg lower in audusd and eurusd going to get long on every drop lower until 09387 and 13143 are taken out,0
42,i am going to try to stay sidelined and observe usdchf has struggled with 09230 despite eur sell off usdcad struggled as well at 105,0
43,techtrade and news trade blottereurusd short beautiful day,0
44, i am thinking of going long eurusd at 1308 area first and then at 1284,0
45,the us dollar continues to benefit from safe haven demand with the eurusd down to 133 and the nzdusd at 8 month lows under 07400,0
46,the us dollar continues to benefit from safe haven demand with the eurusd down to 133 and the nzdusd at 8 month lows under 07400,0
47,the us dollar continues to benefit from safe haven demand with the eurusd down to 133 and the nzdusd at 8 month lows under 07400,0
48,the us dollar continues to benefit from safe haven demand with the eurusd down to 133 and the nzdusd at 8 month lows under 07400,0
49,ok stopped out of that eurusd long 1st attempt failed 36 and 25 pips going to see how it develops from here,0
50,ok stopped out of that eurusd long 1st attempt failed 36 and 25 pips going to see how it develops from here,0
51,agressive sell usd buy eurusd3330 and audusd9675 and sell usdcad0480,0
52,ok  longed one more eurusd here 3330 gtgt be patient and do not go on higer leverage here gt max lev 5,0
53,eurusd 13150 13000 and 12870 will we get there why yes we will,0
54,scalpy scalpy usdcad scalps and short eurusd,0
55, i see a falling wedge on the eurusd daily and a rising wedge on the vxx daily,0
56,boe recently downgrade gdp and inflation forcase quite substaintially continued underperformance expected against the eur and usd,0
57,the usd is currently selling  10627 gbp  16736 and eur  14456 please call for rates on large trades 5197637330,0
58,on eurusd if 13360 area broken todaythen 2 more supports to overcome 3144 and a small one 3028 before heading towards the 28s,0
59,spot eurusd has to go lower than 3362 and 3350 to progress downwhen rising has to go higher than 3415 and 3450 to progress any rise,0
60,and so after a lull eurusd has started its downward jurney againrumor mongers having a field day and its dexia again,0
61,eurusd traders look for a clear driver  stocks and dollars,0
62,eurnok and eurusd decoupling both are down this morning,0
63,combination of weak german bond auction and greek central bank warning over euro exit pushed eurusd below 13420 with lows near 13370,0
64,once upon a time  can you remember the g20 in cannes that is when eurusd was traded at 142 and when europe was saved,0
65,can you remember the g20 in cannes that is when eurusd was traded at 142 and when europe was saved,0
66,market talk of eastern european and middle eastern names buying eurusd trades 13457 44pips last  unconfirmed,0
67,eurusd 4 hour 8am pivot 13459 fighting it and the news due here any minute,0
68,usdsek on its way to retest critical barriers by 700 eursekthe market remains very well supported and we look for a continuation ,0
69,for a moment eurusd gave me a profit went to shower and came back saw a negative 1k wtf,0
70,eurusd ssto 32 will play around a positionand any turkey rumors to give that a boost,0
71,if anybody is interested nzd is setting up a good long among usd jpy cad gbp and eur  i am already long nzd against aud,0
72,just want to mention the eurusd and stocks synchronicity again they both look more and more bearish 2008 wasnt a us problem only  ,0
73,i did the aususd and the eurusd today and you what did you trade,0
74,eurusd locked between his 100sma and 200sma,0
75,ok stocks and fx is different thinking of how much can eur strengthen against usd,0
76,christ sticking their necks out huh  jpm 2012 ye targets dxy 76 usdjpy 72 eurusd 138 gbpusd 158 and audusd 104,0
77,wow   pretty muchworthless   jpm 2012 ye targets dxy 76 usdjpy 72 eurusd 138 gbpusd 158 and audusd 104,0
78,jpm 2012 ye targets dxy 76 usdjpy 72 eurusd 138 gbpusd 158 and audusd 104,0
79,went back to check fxcm and eurusd is giving me a super good profit,0
80,risk aversion picking up more strongly now as eurusd moves back below 135 and gbpusd loses support at 15615 ecb time most likely,0
81,usdcad continues its uptrend and usdchf supported audeurgbpusd pairs all down,0
82,media is baffled by resilient eur and y its still so strong prblm is they r looking at eurusd in terms of usd not sm other asset ,0
83,eurusd squeeze likely eur v usd posse at its widest ever risk reduction into yrend will lead to em unwind and eur short scaled back,0
84,job online currency calculation usd eur and gbp by akoprivec,0
85,eurusd eurjpy and eurchf positions still in place,0
86,breaking news  eurusd fell 13430 low 94 pips as french spanish and italian bonds dropped  22 november 2011  bill hubard,0
87,update  eurusd fell 13430 low 94 pips as french spanish and italian bonds dropped  22 november 2011  bill hubard chief,0
88,news now  eurusd fell 13430 low 94 pips as french spanish and italian bonds dropped  22 november 2011  bill hubard chief,0
89,attention fx news  eurusd fell 13430 low 94 pips as french spanish and italian bonds dropped  22 november 2011  bill,0
90,currency news gtgt  eurusd fell 13430 low 94 pips as french spanish and italian bonds dropped  22 november 2011  bill hubard,0
91,positional callshort sbin futures  1696targets 1656 and 1626stop loss 1729  ,0
92,not if not when but act now  compare eur and usd as a cart rolling down the hill with no brakes you sure would jump off buy gold ,0
93,it will not go short soon  i can say  eurusd has already  break that level and gonna be at  around  13570   soon,0
94,yes  lets kook again now  eurusd  heading long  and testing  13550,0
95,eurusd  london opening in 5 minutes trend is long but seems slowed down for now and it will be short or consolide in next 30 minutes,0
96,good progress of kes  and theres the morning kes snapshot 90001 to the usd 12173 to the eur 141065 to the gbp,0
97,and theres the morning kes snapshot 90001 to the usd 12173 to the eur 141065 to the gbp the rally continues albeit at a slower pace,0
98,  and gs was long eurusd at 137 with stop at 135  ur point,0
99,kudlow oil and gold are down is because currencies are in a leverage gray area  eurusd hits 131 both go up on usd buy in,0
100,wii very very good cut long 10yr canadian bond tp and short usd vs cad and eur,0
101,spot eurusd did hold 13442 and to progress higher would need to push through 13350 and continue towards 13600 or it will decline again,0
102,watching a h and s pattern for eur usd,0
103,zh raises a good question are french banks now massively dumping usd assets and buying eur with the proceeds,0
104, and that 80 bps spike in eur  usd was caused by,0
105,whoa eurusd ripping and the rest of currency pairs not following gbpusd audusd  ,0
106,nice pop on the fxe and eurusd bulls,0
107,whats interesting is that the eurusd bounced right off of 13450 and spy didnt  that should mean something,0
108,also   eurusd  still consolide and will be consolide all day long today no need to do any intraday trade better to watch only actually,0
109,spot eurusd would have to take out 1345013442 and tackle its low at 13430 and push through 13400 for an attempt lower,0
110,eurusd 13462   will baroso print money  what about moodys and france will eurusd stays at 135 level still for 131,0
111,  usd 170610 eur 127060 gbp 108930 chf 156920 jpy 131170 and cny 11190 per ounce,0
112,eurusd comment  consolide around 13450 again for today  within eorupe and then the  usa sessions  it seems to stay consolide regards,0
113,eurusdtrading the us gdp the gross domestic product gdp is a measurement of the production and growth of the economy analysts consid,0
114,looks like eurusd going to grind around 3450 and gbpusd around 5700,0
115,look for the eurusd to hit around 13120 and the gbpusd to hit around 15430  sooner than later and even lower in next month or soo,0
116,longs in eurusd 3450 and eurjpy 30 triggered  eurchf  again,0
117, i am short on eurusd and am looking for approx 45 ticks with its weakness might take half and run rest with tight stop,0
118,im still bullish risk mediumterm so im going to seek opportunities to get long audusd and eurusd,0
119,usd has been sold to a 13457 low amid fund and mideast selling but sov buyers are attempting to slow the rate of the spot descent,0
120,sold 1m eurusd  13482 with 13540 stop and targeting around 50 pips lower i know that the rr ratio is bad on this one  ,0
121,sold 1m eurusd  13482 with 13540 stop and targeting around 50 pips lower i know that the rr ratio is bad on this one  ,0
122,zar loses ground as eurusd falls usd 827 eur 1114 and gbp 1301,0
123,   reach sell target and below it touch 13470 enjoy scalp trade,0
124,eurusd  heading long  to 13500 now  but will be consolide beetwen 13500 and 13460 in short time period,0
125,lookin for breakouts south on both the eurusd and gbpusd tonight,0
126,target on eurusd 13900 gbpusd 16200i am taking small positions with wide stops as these pairs are fast moving and volatile,0
127,have entered with small positions audusd  nzdusd short targets 9550  7150 and usdcad long to 10600 looking at eur  gbpaud longs,0
128,closing both eurusd longs 1st for 70 pips and the 2nd one at be want to observe this px from the distance ,0
129,closing both eurusd longs 1st for 70 pips and the 2nd one at be want to observe this px from the distance ,0
130,mf global got completely played it looks like they got liquidated at the usd lows vs eur and now the usd is back to being strong again,0
131,eur  usdthere are initial signs of a good corrective recovery to at least 13564 or even above 13603 supports at 13481 and 13436 zone,0
132,usd is down against   jpy and nzd  the eurusd im assuming wil just trend sideways now,0
133,big rally in usd expected in coming weeks my latest forecasts for eur jpy gbp chf aud and nzd are now available  from trlnetnz,0
134,eurusd outlook november 2125 eurodollarcontinued lower in a week that saw continued pressure in bond markets and a growing need for,0
135, app looks really but only currency is usd when will it be updated to include eur gbp and zar,0
136,news eurusd dropped further to 13421 last week before forming a temporary low there and recovered initial bias,0
137,eurusd outlook november 2125 eurodollarcontinued lower in a week that saw continued pressure in bond markets and a growing need for,0
138, can eur usd head and shoulder holding ground looks 1299 to me,0
139,with all the pessimism and doom and gloom by the media regarding the demise  of the eur seems a perfect setup for a run on the usd,0
140,sunday will see if the momentum for both audusd and eurchf are moving back in my direction for profits,0
141,eurusd  no signal today all day long   because it was fuzzy and risky,0
142,eurusd the wheels on the euro go round and roundss the bus,0
143,tweet,0
144,sometimes this happens  eurusd reached entry didnt think it would with huge swing  took entry 1st profit and stopped at entry,0
145,entered short gbpusd pending long euraud and usdcad short audusd,0
146, buy 20m of eur and usd and sell chf,0
147,eurusd ss cover some here sub 32 and it goes to 29,0
148,got another customer in norway and they prefer pricing in usd not eur is it because they are an oil exporter customers in denmark like eur,0
149,italy bond issue nov 29 likely to drive eur lower ahead of event anxiety and usd spike ahead see earlier comments on eur short above 140,0
150,just got to my desk eurusd long was stopped for 29 pips loss no worries about it will look at the charts and post what i see,0
151,problems around the eu bear day for the eurusd pairing and the likely beneficiary is the gbp due to gold increase and thanksgiving,0
152,hunting entries on pullbacks in eurusd gbpusd audusd nzdusd sort and usdcad  usdchf long supported by lower gold oil and copper,0
153,next shot long for eurusd 3250  now gearing up a bit to lev 5 no greed and not toooo much lev pleazzzze ,0
154,spot eurusd must move lower than 13265 and 13250 towards 13200 to progress decline any counter trend move must reach 13322 to break up,0
155,breaking news  eurusd touched new lows following merkels comments on joint eur bond issuance and in the illiquid conditions of the,0
156,update  eurusd touched new lows following merkels comments on joint eur bond issuance and in the illiquid conditions of the us,0
157,news now  eurusd touched new lows following merkels comments on joint eur bond issuance and in the illiquid conditions of the us,0
158,attention fx news  eurusd touched new lows following merkels comments on joint eur bond issuance and in the illiquid conditions of,0
159,currency news gtgt  eurusd touched new lows following merkels comments on joint eur bond issuance and in the illiquid conditions of the,0
160,usd starts eu session under pressure and breaking below the 133 level,0
161,citi warns of barriers below 133 in eurusd and a break below there would open the way up for a quick plunge to 130,0
162, 90148 is the opening figure to the usd 12016 to the eur and 139685 to the gbp for the kes,0
163, on cnbc talking usd eur and favorite trade  ,0
164,guess turkeys are under rated in the eurozonewhere chickens are the bird of choiceand the eurusd on the road to 32 cluk cluk,0
165, according to headlines and effective market theory everything is priced in eurusd should already be testing parity its not,0
166, eurusd solid bids reported at 13315 and 13310 barrier option at 13300,0
167,forexlive asian market open eurusd stalled at 13315 overnight exactly where the big bids are supposed to start and previous support le,0
168,rt cb01 volatility in exchange rates and usd appreciation against eur will be snow and rain of 12 corporate earnings reports,0
169,turkey in the oven back to watching my eurusd shorts and the thanksgiving day parade,0
170,strongly bullish aud right here 9705 eur aud also overbought on dailies and aud well oversold too against the usd on dailies,0
171,buy eurusd and take profit 13350,0
172,one last thing just after the merkonti meeting roubini appeared eurusd and stocks in decline in italy we say porta merda total crap,0
173, stops on eurusd bellow seid level means there could be long covering and price could shoot up ,0
174, sweden might soon face a threat of export when investors fleeing from eur and usd start to buy sek obsessively same as with chf,0
175,wpt thanks i guess it depends on timeframe one is trading ill become bearish risk only if the lows in audusd and eurusd are broken,0
176,the usd is currently selling  10642 gbp  16723 and eur  14477  please call for rates on large trades 5197637330,0
177, how many different currencies do you currently have in your wallet i have 5 lt  currently 3 usd gbp and euros lt gbp dkk eur,0
178,european equities took a legg down after fitch downgraded portugal to junk and warned for a recession eurusd 13379,0
179,zar bounces off lows as euro struggles to make ground top 40 stronger and dow looks to open higher usd at 853 eur 1141 and gbp at 1324,0
180, i turned off tv early today premarket guy called for 131 and then 129 in eurusd we probably made a low point there lol,0
181,eurusd barrier at 13300 there are bids ahead of it and from 1332030 offers are up at 1339000 and up to 13415 with buy stops a,0
182,eurusd drops to 13359 and the break of 13421 support confirms the downside and will be seen to retest 13145 support,0
183,eurusd drops to 13359 and the break of 13421 support confirms the downside and will be seen to retest 13145 support,0
184,volatility in exchange rates and usd appreciation against eur will be snow and rain of 12 corporate earnings reports,0
185,i cant rule out another leg lower in audusd and eurusd going to get long on every drop lower until 09387 and 13143 are taken out,0
186,i am going to try to stay sidelined and observe usdchf has struggled with 09230 despite eur sell off usdcad struggled as well at 105,0
187,techtrade and news trade blottereurusd short beautiful day,0
188, i am thinking of going long eurusd at 1308 area first and then at 1284,0
189,the us dollar continues to benefit from safe haven demand with the eurusd down to 133 and the nzdusd at 8 month lows under 07400,0
190,the us dollar continues to benefit from safe haven demand with the eurusd down to 133 and the nzdusd at 8 month lows under 07400,0
191,the us dollar continues to benefit from safe haven demand with the eurusd down to 133 and the nzdusd at 8 month lows under 07400,0
192,the us dollar continues to benefit from safe haven demand with the eurusd down to 133 and the nzdusd at 8 month lows under 07400,0
193,ok stopped out of that eurusd long 1st attempt failed 36 and 25 pips going to see how it develops from here,0
194,ok stopped out of that eurusd long 1st attempt failed 36 and 25 pips going to see how it develops from here,0
195,agressive sell usd buy eurusd3330 and audusd9675 and sell usdcad0480,0
196,ok  longed one more eurusd here 3330 gtgt be patient and do not go on higer leverage here gt max lev 5,0
197,eurusd 13150 13000 and 12870 will we get there why yes we will,0
198,scalpy scalpy usdcad scalps and short eurusd,0
199, i see a falling wedge on the eurusd daily and a rising wedge on the vxx daily,0
200,boe recently downgrade gdp and inflation forcase quite substaintially continued underperformance expected against the eur and usd,0
201,the usd is currently selling  10627 gbp  16736 and eur  14456 please call for rates on large trades 5197637330,0
202,on eurusd if 13360 area broken todaythen 2 more supports to overcome 3144 and a small one 3028 before heading towards the 28s,0
203,spot eurusd has to go lower than 3362 and 3350 to progress downwhen rising has to go higher than 3415 and 3450 to progress any rise,0
204,and so after a lull eurusd has started its downward jurney againrumor mongers having a field day and its dexia again,0
205,eurusd traders look for a clear driver  stocks and dollars,0
206,eurnok and eurusd decoupling both are down this morning,0
207,combination of weak german bond auction and greek central bank warning over euro exit pushed eurusd below 13420 with lows near 13370,0
208,once upon a time  can you remember the g20 in cannes that is when eurusd was traded at 142 and when europe was saved,0
209,can you remember the g20 in cannes that is when eurusd was traded at 142 and when europe was saved,0
210,market talk of eastern european and middle eastern names buying eurusd trades 13457 44pips last  unconfirmed,0
211,eurusd 4 hour 8am pivot 13459 fighting it and the news due here any minute,0
212,usdsek on its way to retest critical barriers by 700 eursekthe market remains very well supported and we look for a continuation ,0
213,for a moment eurusd gave me a profit went to shower and came back saw a negative 1k wtf,0
214,eurusd ssto 32 will play around a positionand any turkey rumors to give that a boost,0
215,if anybody is interested nzd is setting up a good long among usd jpy cad gbp and eur  i am already long nzd against aud,0
216,just want to mention the eurusd and stocks synchronicity again they both look more and more bearish 2008 wasnt a us problem only  ,0
217,i did the aususd and the eurusd today and you what did you trade,0
218,eurusd locked between his 100sma and 200sma,0
219,ok stocks and fx is different thinking of how much can eur strengthen against usd,0
220,christ sticking their necks out huh  jpm 2012 ye targets dxy 76 usdjpy 72 eurusd 138 gbpusd 158 and audusd 104,0
221,wow   pretty muchworthless   jpm 2012 ye targets dxy 76 usdjpy 72 eurusd 138 gbpusd 158 and audusd 104,0
222,jpm 2012 ye targets dxy 76 usdjpy 72 eurusd 138 gbpusd 158 and audusd 104,0
223,went back to check fxcm and eurusd is giving me a super good profit,0
224,risk aversion picking up more strongly now as eurusd moves back below 135 and gbpusd loses support at 15615 ecb time most likely,0
225,usdcad continues its uptrend and usdchf supported audeurgbpusd pairs all down,0
226,media is baffled by resilient eur and y its still so strong prblm is they r looking at eurusd in terms of usd not sm other asset ,0
227,eurusd squeeze likely eur v usd posse at its widest ever risk reduction into yrend will lead to em unwind and eur short scaled back,0
228,job online currency calculation usd eur and gbp by akoprivec,0
229,eurusd eurjpy and eurchf positions still in place,0
230,breaking news  eurusd fell 13430 low 94 pips as french spanish and italian bonds dropped  22 november 2011  bill hubard,0
231,update  eurusd fell 13430 low 94 pips as french spanish and italian bonds dropped  22 november 2011  bill hubard chief,0
232,news now  eurusd fell 13430 low 94 pips as french spanish and italian bonds dropped  22 november 2011  bill hubard chief,0
233,attention fx news  eurusd fell 13430 low 94 pips as french spanish and italian bonds dropped  22 november 2011  bill,0
234,currency news gtgt  eurusd fell 13430 low 94 pips as french spanish and italian bonds dropped  22 november 2011  bill hubard,0
235,positional callshort sbin futures  1696targets 1656 and 1626stop loss 1729  ,0
236,not if not when but act now  compare eur and usd as a cart rolling down the hill with no brakes you sure would jump off buy gold ,0
237,it will not go short soon  i can say  eurusd has already  break that level and gonna be at  around  13570   soon,0
238,yes  lets kook again now  eurusd  heading long  and testing  13550,0
239,eurusd  london opening in 5 minutes trend is long but seems slowed down for now and it will be short or consolide in next 30 minutes,0
240,good progress of kes  and theres the morning kes snapshot 90001 to the usd 12173 to the eur 141065 to the gbp,0
241,and theres the morning kes snapshot 90001 to the usd 12173 to the eur 141065 to the gbp the rally continues albeit at a slower pace,0
242,  and gs was long eurusd at 137 with stop at 135  ur point,0
243,kudlow oil and gold are down is because currencies are in a leverage gray area  eurusd hits 131 both go up on usd buy in,0
244,wii very very good cut long 10yr canadian bond tp and short usd vs cad and eur,0
245,spot eurusd did hold 13442 and to progress higher would need to push through 13350 and continue towards 13600 or it will decline again,0
246,watching a h and s pattern for eur usd,0
247,zh raises a good question are french banks now massively dumping usd assets and buying eur with the proceeds,0
248, and that 80 bps spike in eur  usd was caused by,0
249,whoa eurusd ripping and the rest of currency pairs not following gbpusd audusd  ,0
250,nice pop on the fxe and eurusd bulls,0
251,whats interesting is that the eurusd bounced right off of 13450 and spy didnt  that should mean something,0
252,also   eurusd  still consolide and will be consolide all day long today no need to do any intraday trade better to watch only actually,0
253,spot eurusd would have to take out 1345013442 and tackle its low at 13430 and push through 13400 for an attempt lower,0
254,eurusd 13462   will baroso print money  what about moodys and france will eurusd stays at 135 level still for 131,0
255,  usd 170610 eur 127060 gbp 108930 chf 156920 jpy 131170 and cny 11190 per ounce,0
256,eurusd comment  consolide around 13450 again for today  within eorupe and then the  usa sessions  it seems to stay consolide regards,0
257,eurusdtrading the us gdp the gross domestic product gdp is a measurement of the production and growth of the economy analysts consid,0
258,looks like eurusd going to grind around 3450 and gbpusd around 5700,0
259,look for the eurusd to hit around 13120 and the gbpusd to hit around 15430  sooner than later and even lower in next month or soo,0
260,longs in eurusd 3450 and eurjpy 30 triggered  eurchf  again,0
261, i am short on eurusd and am looking for approx 45 ticks with its weakness might take half and run rest with tight stop,0
262,im still bullish risk mediumterm so im going to seek opportunities to get long audusd and eurusd,0
263,usd has been sold to a 13457 low amid fund and mideast selling but sov buyers are attempting to slow the rate of the spot descent,0
264,sold 1m eurusd  13482 with 13540 stop and targeting around 50 pips lower i know that the rr ratio is bad on this one  ,0
265,sold 1m eurusd  13482 with 13540 stop and targeting around 50 pips lower i know that the rr ratio is bad on this one  ,0
266,zar loses ground as eurusd falls usd 827 eur 1114 and gbp 1301,0
267,   reach sell target and below it touch 13470 enjoy scalp trade,0
268,eurusd  heading long  to 13500 now  but will be consolide beetwen 13500 and 13460 in short time period,0
269,lookin for breakouts south on both the eurusd and gbpusd tonight,0
270,target on eurusd 13900 gbpusd 16200i am taking small positions with wide stops as these pairs are fast moving and volatile,0
271,have entered with small positions audusd  nzdusd short targets 9550  7150 and usdcad long to 10600 looking at eur  gbpaud longs,0
272,closing both eurusd longs 1st for 70 pips and the 2nd one at be want to observe this px from the distance ,0
273,closing both eurusd longs 1st for 70 pips and the 2nd one at be want to observe this px from the distance ,0
274,mf global got completely played it looks like they got liquidated at the usd lows vs eur and now the usd is back to being strong again,0
275,eur  usdthere are initial signs of a good corrective recovery to at least 13564 or even above 13603 supports at 13481 and 13436 zone,0
276,usd is down against   jpy and nzd  the eurusd im assuming wil just trend sideways now,0
277,big rally in usd expected in coming weeks my latest forecasts for eur jpy gbp chf aud and nzd are now available  from trlnetnz,0
278,eurusd outlook november 2125 eurodollarcontinued lower in a week that saw continued pressure in bond markets and a growing need for,0
279, app looks really but only currency is usd when will it be updated to include eur gbp and zar,0
280,news eurusd dropped further to 13421 last week before forming a temporary low there and recovered initial bias,0
281,eurusd outlook november 2125 eurodollarcontinued lower in a week that saw continued pressure in bond markets and a growing need for,0
282, can eur usd head and shoulder holding ground looks 1299 to me,0
283,with all the pessimism and doom and gloom by the media regarding the demise  of the eur seems a perfect setup for a run on the usd,0
284,sunday will see if the momentum for both audusd and eurchf are moving back in my direction for profits,0
285,eurusd  no signal today all day long   because it was fuzzy and risky,0
286,eurusd the wheels on the euro go round and roundss the bus,0
287,weve come a looong way  nyang kes evening shapshot  9095 to the usd 12346 to the eur and 143985 to the gbp,0
288,we are currently selling usd  10419 eur  14389 and gbp  16676 please call for rates on large trades 5197637330,0
289, nyang kes evening shapshot  9095 to the usd 12346 to the eur and 143985 to the gbp gt best news of the week,0
290, kes evening shapshot  9095 to the usd 12346 to the eur and 143985 to the gbp,0
291, kes evening shapshot  9095 to the usd 12346 to the eur and 143985 to the gbp cool,0
292,mhhnot bad at all  kes evening shapshot  9095 to the usd 12346 to the eur and 143985 to the gbp,0
293,kes evening shapshot  9095 to the usd 12346 to the eur and 143985 to the gbp,0
294,im short this bs eurusd and gbpusd,0
295,its reversal time for the majors audusd and nzdusd  double bottom gbpusd hs eurusd falling wedge breakout  all h1 new trend time,0
296,usd more offers loom at 1362040 which arein much better size and may prove a tougher nut to crack when euphoria cools off  ,0
297,headlines and fills  lending to  proposal gaining traction   ,0
298,positive news out of europe pop in futures and eurusd spy,0
299,4 trade today   4 positive   audusd and eurusd  yaaahhh for me,0
300,eurusd has support and resistance at 13393 and 13483 is accompanied by a strong support at 13380 and 13495 for the strong resistance,0
301,eurusd didnt test 13500  turned up at 13510 still consolide fuzzy  and risky for intraday middle termaiming 50100 pips etc trading,0
302,spot eurusd has risen to 13549 so far would have to take out 13500 and 13472 to progress lower then 13450 or it will head back up,0
303,some good news  kes hits an intraday low of 9195 to the usd its at 12464 to the eur and 14582 to the gdp,0
304,nyang kes hits an intraday low of 9195 to the usd its at 12464 to the eur and 14582 to the gdpis that the great danish pound,0
305,kes hits an intraday low of 9195 to the usd its at 12464 to the eur and 14582 to the gdp,0
306, kes hits an intraday low of 9195 to the usd its at 12464 to the eur and 14582 to the gdp,0
307,the dollar is doing gud  kes hits an intraday low of 9195 to the usd its at 12464 to the eur and 14582 to the gdp,0
308,kes hits an intraday low of 9195 to the usd its at 12464 to the eur and 14582 to the gdp,0
309,entered the eurusd with cost average of 13475 last night only 40 of my trade size and i have a wide stop being a friday worries me,0
310,eurusd is up 62pips from midnight and spy is practically rallying in premarket  see what changes in next 5 hours before open,0
311,eurusd and  audusd correlation seems fading as eur is above 135 and aud still under parity ,0
312,not long after the  credit crunch of 2008 we had eurusd trading as low as 11900 i think today eurusd is 13520 and things are worse,0
313,european session november 18eurusd  finish 134 levelgbpusd  min 15609audusd  to 09926usdchf   to 09128 and to 091,0
314,eurusd now testing 13500 general wiev is  short trend but will be consolide  and fuzzy  very risky to trade yet,0
315,london session is open and ecb president speaks now eurusd is now above 13500 expecting consolide beetwen maximum  13550 and 1345040,0
316,closing 12 of my total eurusd long 20 pips the rangetriangle can break to the downside im limiting my exposure and offsetting losses,0
317,closing 12 of my total eurusd long 20 pips the rangetriangle can break to the downside im limiting my exposure and offsetting losses,0
318,for usdchf and eurjpy we notice that the past espected return to a normal trend according to the sharts analysisis effective,0
319,on a purely technical side we could see some huge moves comin on the eurusd and gbpusd pairs  but we need to break a few supports 1st,0
320,now short eurusd with tight stops will add to position below 13447 and add again below 13375 if we get there,0
321,lots of activity at the moment aud above parity and eur usd at highs for session,0
322,whenif eurusd falls below 131 probably wise to open a short position and leave it running,0
323,fairly clear bear flag has formed in the eurusd on 1 5 min lets see if asia will jump on board and take it to 13350 targets,0
324, but yet the eurusd stayed flat  would think it would have a rough day w so much damage in spy and such,0
325,highly correlated movements in eurusd and gbpusd as us equity markets rounded up trading,0
326,close eurusd and audnzd with 56 pips and 25 pips,0
327, i see a big breakout south comin on the eurusd and gbpusd pairs should get 200pips to the south in the next day or soo,0
328,another observation on the day  bonds in uproar stocks violently lower and fx  nope eur flat usdjpy in a 20 pip range  no vol here,0
329,i now want the eur usd to test todays lows of 13420 to give me confirmationaud at parity very large potential head and shoulders in play,0
330,the eur vs the usd argues that much much lower values for the eur lay ahead is the trade to ignore the boj and short the eurjpy,0
331,i see a big breakout south comin on the eurusd and gbpusd pairs should get 200pips to the south in the next day or soo,0
332,i will be on  with  between 5 and 6pm to discuss      ,0
333,just back from a 2 hour walk and i still do not know where eurusd is heading  strong resistance 540 area,0
334,the usd is currently selling  10450 eur  14344 and gbp  16681 please call for rates on large trades  you wont believe the savings,0
335, hey chris whats a good pair to trade alongside usdcad im leary about eurausand gbp bc it seems like theyre closely related,0
336,dowjones opening soon eurusd still fuzzy and consolide better not to trade yet maybe untill tomorrow  europe  open lets watch dj now,0
337, big news for t1 market bnp tendering eur and usd t1 and lt2,0
338,eurusd   looks consolide   range beetwen 13500 and 13450 and looks  it will keep  consolide not any strong longshort trend heading,0
339,the gbpusd and eurusd pairs seem to be acting quite differently than usual looks like they both could run the opposite way from eachother,0
340, rather when your pattern completes where all look black and desperate it is time to buy eurusdthen mkts will stop going down,0
341,do people really not get the difference usd is a reserve currency and can issue debt all it want eur is a gold standard and it cannot,0
342,here we go sp futures breaking lower hunting for entries short eurusd aud usd and long usdcad and usd chfcould be a big breakout,0
343,it looks like the eurusd wants 2go down and test 3380 but its going 2 have 2 clear 3420 first  the low of today is 3421 its bounced already,0
344,eurusd must tackle 13500 and 13513 towards higher ground to keep current rise intact,0
345,market im 60 for usd and 40 for chf because chf and eur are to close im wrong,0
346,i think we could see retrace on eurusd upwards of 135 and some change it is definently possible,0
347,think spanish and italian bond auctions are stealing limelight perhaps any usd weakeness will see gbp rise over eur been flat since uk news,0
348,just be patient you could pretty much put a sell in anywhere on the eurusd now and get paid withing a few days we broke 3450 here we go,0
349,i think if we break 13450 the eurusd is gonna go down 2 13380 and if we break that 13280 fairly easy,0
350,eurusd to progress any decline needs to take out 3450 and move meaningfully towards 3400 to progress any rise needs to get above 3513,0
351,london session is open but eurusd seems volatile and irregular already it has  tested 14500  better to only  watch and wait now,0
352, as a reminder to anyone who thinks usd is better than the eur europe is in deep shit because they cant print us can and will,0
353,usdsek setbacks should continue to be well supported on dips eursekthe market remains very well supported and we look for a contin,0
354,zerohedgeas a reminderto anyone who thinks the usd is better than the eureu is in deep doodoo because they cant print the us can and will,0
355,interesting figures for the kes  92749 to the usd august levels 12499 to the eur june levels and 145885 to the gbp june levels,0
356,usdsek setbacks should continue to be well supported on dips eursekthe market remains very well supported and we look for a contin,0
357,eurjpy and gbpjpy heading for higher ground but usdjpys still hanging around 7700 interesting,0
358, yes but the second eurusd didnt get anywhere near the 13580 entry so not all filled and so limit obviously not hit,0
359, to anyone who thinks the usd is better than the eur europe is in deep doodoo because they cant print the us can and will,0
360,as a reminder to anyone who thinks the usd is better than the eur europe is in deep  because they cant print usa can and will,0
361,entered the audusd short targeting sub 09600 and the eurusd short looking long term to 12800 hunting for an entry long usdcad  chf,0
362,as a reminder to anyone who thinks the usd is better than the eur europe is in deep doodoo because they cant print the us can and will,0
363, anyone who thinks the usd is better than the eur europe is in deep doodoo because they cant print the us can and will,0
364, as a reminder to anyone who thinks the usd is better than the eur europe  cant print the us fedcan and will,0
365,as a reminder to anyone who thinks the usd is better than the eur europe is in deep doodoo because they cant print the us can and will,0
366,i stay long usd and short eur first i want to see a real sustainable solution for the  debt crisis,0
367,everyone please dont fall for this trap there is a eurusd and gbpusd cprrection coming be very cautious and control your emotions,0
368,raising my eurusd buy order by 10 pips to 13450 with same 13420 stop and going for some sleep will be back tomorrow during asian session,0
369,raising my eurusd buy order by 10 pips to 13450 with same 13420 stop and going for some sleep will be back tomorrow during asian session,0
370, why is premium 999 per month irrespective of currency 999 eur  854 gbp and 999 usd  633 gbp so uk pays 57 more than us,0
371,cup and handle on the eurusd and 6e,0
372,and now im expecting another leg down in eurusd to test the 13450 low and complete wave c of 2 on 5m chart going to add a some there,0
373,niiceee  looks like e and eurusd are trading at and above 135 level  go set some stops off now,0
374,possible another retest of 135 on eurusd as everyone just woke up and cant believe what happened,0
375,higher broke my ym and eurusd downtrend on 1min,0
376,   there was horizontal support line at 1352 on eurusd  and 12000 on the ym was just a nice round whole ,0
377,eurusd still flirting with the november 10th low of 13484 gtgt yesterdays yields between france and germany have been on alltimehighs,0
378,whats your view on eurusd  euggbp and euro deposits in uk banks,0
379, i go in to a rising eurusd and spy trading up a bit too but i suppose people woke up and boned it,0
380,eurusd broke 135 and slides towards 133,0
381,here we go again another run at 13480 in eurusd i am watching usdcad aud usd and usdchf stock futures down wti gold  copper down,0
382,eurusd  it seems at the bottom now at 13530  but not headed long yet  stand by and watch ,0
383,very wrong yesterday on usd long but right today  thank the  for buying crappy pigs bonds and bumping the ,0
384,eurusd may move short   with gbp news impact  so lets close trade now and take profit  good job ,0
385,usdnok inching closer to retest and break of key october highs eursekthe market remains very well supported and we look for a cont,0
386,eurusd  testing 13500  now move sl at around 13470 as i do then stand by and watchwait,0
387,yep  this is the retracement i tweeted about earlier  will watch closely for strenght to fade and add shorts on dax sp500 and eurusd,0
388,news eurusd todays support 13411 and 13358main where correction is possible break would give 13322 where,0
389,as 3 mo liborois closes in on 04 the ecb needs to start the printing press and the germans need to get over ittarg eurusd 12520,0
390, and usd looking appetizing for a long patience i like gold in the 50s,0
391, im expecting a big rally in all risky assets into the new year got 114 target for audusd and 150 in eurusd,0
392,around the markets regional sharemarkets are around 1 lower on average and both gold and oil are down around 05 eurusd is consolidat,0
393,beginning to establish longterm eurusd and audusd positions,0
394,well the eurusd  break through and is heading down in lightening speed lets see how far it goes,0
395,markets trading extremely lower as the eurusd breaks the 134 threshold and bonds continue to soar us futures slid 7 in a matter of mins,0
396, oh and btw that 60 eurusd is sexxy wowzer ,0
397,today was jumping ship on europe soverign next seems to be the eurusd and should take the stocks with it,0
398,eurusd under 13500 in asia as selling continues on european debt fears italian 10yr above 7 and greece aid in doubt audusd 10130,0
399,stop hunting in eurusd has started before tokyo open watch the aussie below 10100 if we get it head and shoulders to 09525 approx,0
400,eurusd under 13500 in asia as selling continues on european debt fears italian 10yr above 7 and greece aid in doubt audusd 10130,0
401,look at the head and shoulder and triangle formation in eurusd 4 hour chart look for the close of next candle below the trend line,0
402, my biggest curiosity really is how low markets and eurusd will dip on this thing just not going awayespecially eur vs usd but,0
403,will add one shot long in eurusd 3450 and 10330 in eurjpy  eurchf long still remaining for 12275,0
404,eur gbp and audusd are very much in line with each other all have further to fall still sometime before a reversal but patience pays,0
405,still holding eurusd long eurchf long and eurjpy long  no changes here,0
406,unless you decided to go short based on othe rtechincal analysis last nighor just went short at market the eurusd and gbpusd would not,0
407,closed half positions on eurusd gbpusd nzdusd eurjpy and audjpy and stops moved to 25  further declines are on the table,0
408,closing out short eur position here  think sp500 up means usd down unless something changed  and that requires more decoupling evidence,0
409,ok levels of importance without counting the stairs inbtwn eurusd 136 dx 775 and 77,0
410,  short term euro put in a dbl bottom here at 135 and the eurusd made a double top im long and taking off into dx 775 and 77,0
411, look at the chart on the dx and eurusd we got more bounce left potentially a lot more bounce left,0
412,locked in 10 pips on eurjpy and nzdusd target 10 pips on  additional usdjpy entry still in 2nd 12 of first entry watch us equities,0
413,cable bounce of falling trend line from nov 1st2nd channel ceiling off 8th and 13th depends if eurusd holds at 135 see ya at the top,0
414,eurusd and gbpusd continue their move lower as the usdindex 072 gains strength,0
415,sticking to the plan here gtgt keeping eurchf long eurusd long and eurjpy long gtgt will add more if needed,0
416,watch the eurusd closely herea clean break below 135 projects to 132as goes euro so goes spy and gld  long euo and tza,0
417,gold is trading at usd 176820 eur 130530 gbp 111330 chf 162020  jpy 136076  and cny 11223 per ounce,0
418,euro is dripping down and looks headed to prior low see prior  eurusd usdx uup,0
419,ive missed eurusd long trend turning point at 13520  an hour ago would be a nice buy position and wait  oppurtinity indeed  ,0
420,though i dont know if there is a correlation between eurusd and jpyusd i notice kind of corr right now,0
421,13500 big support in eurusd below will probably coincide with audusd below 10100 usdcad above 10265 and maybe even usdchf to 9200,0
422,may wallace wilders soul rest in peace one defense line 135720 and we are sure that the eurusd is bullish,0
423,eurusd  consolide around 13500 now take profit and close trade now  or risk some profits and wait for below 13500  risky takes time,0
424,local currency taking a hit now at 81450 to usd 1101 to eur and  129150 against sterling,0
425,spanish yields are climbing euro under alot of pressure bad news for the zar usd 814 eur 1102 and gbp 1292,0
426,eurusd  if  still carriying open position  as i do  nove sl 13545 or 3540 then stand by and watch or wait,0
427,out of short positions b small spec on usd rising see dbl bottom at 4h eurusd chart and generally oversold short term,0
428,nice call  rt  fx euro 135 and falling   we remain long usd short eur risk management,0
429,eurusd  now  seems consolide for a short period close trade with some profits or wait for more i will wait and watch actually,0
430,entered eurusd on a pullback at 13560 with a stop at 13590 and a target of 13200 next is the audusd below 10100 happy days,0
431,eurusd  now testing 13550  stand by and watching ,0
432,fx euro 135 and falling  many thanks to the goldman sachs  we remain long usd short eur,0
433,eurusd update precisely hit 13535 support and already bounced 33 pips ,0
434,eurusd  gbp economical news has no impact as expected  but german zew data will have aq impact  i believe  waiting and watching,0
435,update  european and us stocks erased early gains and turned lower after the eurusd fell on a report from der spiegel that said,0
436,news now  european and us stocks erased early gains and turned lower after the eurusd fell on a report from der spiegel that said,0
437,breaking news  european and us stocks erased early gains and turned lower after the eurusd fell on a report from der spiegel that,0
438,attention fx news  european and us stocks erased early gains and turned lower after the eurusd fell on a report from der spiegel that,0
439,currency news gtgt  european and us stocks erased early gains and turned lower after the eurusd fell on a report from der spiegel that,0
440,usd there are stops at 13530 and if these are tripped then there is certainlyscope toward 13500and last thursdays 13484 base,0
441,shorted the eurusd at 3570 looks like it could go quite further but we will need to break 50 and hold under it keep an eye on futures,0
442,local currency under a bit of pressure have seen some exporters entering at these levels usd 809 eur 1098 and gbp 1287,0
443,eurusd  it will be stabil just  after italian econamical new now satnd by and watching,0
444,eurusd  just watching the open position now gonna move sl soon or gonna close trade stand by and watch,0
445,eurusd  wait and watch  gonna move sl soon or gonna leave without any loss,0
446,eurusd  london session is open now and testing 13600 it is not trending at the moment stand by and watching,0
447,usd  offers are touted in the 1362030 area and european accounts rumoured to have eurs to go all the way to the 13641 session highs,0
448,eurusd looking oversold short term and prefer buying dips on hold above 13600 for re test of 13680 currently trading 13608,0
449,i had a dream eurusd 128 and then 145,0
450,eurusd was down from 13789 to 13644 and eurjpy dropped from 10639 to 10513 as of 1305 gmt today,0
451,merkels party votes to allow voluntary euromember exits and eurusd below 136,0
452,eurusd 136 support being tested in asia now hold and we should see some short covering,0
453,out of yen longs yen may have more upside v eur aud gbp usd however ill reevaluate and look to get back in the mix,0
454,what a pity that only in some online shops you may choose between usd and eur payments,0
455,holding two positions overnight long gbpusd and eurusd tp 15970 and 137 respectively,0
456,hope the market has not bored anyone away stay with your trades they are all on the way back down short eurusd and gbpusd,0
457,eur usd targeting 3660 of breaks 3840 and higher,0
458,gauntlet thrown down between tlt  dxf and spy eurusd into the close,0
459,the usd is stronger across the board on safe haven flows which has the audusd under 102 and the eurusd in the low 136s,0
460,the usd is stronger across the board on safe haven flows which has the audusd under 102 and the eurusd in the low 136s,0
461,the usd is stronger across the board on safe haven flows which has the audusd under 102 and the eurusd in the low 136s,0
462,the usd is stronger across the board on safe haven flows which has the audusd under 102 and the eurusd in the low 136s,0
463,eurusd at 136134 and falling  ,0
464,gold will hit 1800 soon looking good profit this week in gold and eurusd,0
465,following increased borrowing costs in italy  spain the eur weakened against the usd and several asian currencies  111411,0
466,pending long euraud and usdcad short audusd exited short audusd and eurgbp,0
467,my longer term targets are still eurusd to 12870 audusd to 09525 usdcad to 10500 and usdchf to 09700 and parity if eur fails ,0
468,eurusd  there will be no major econamical news or speach  on calendar  and usd session had already  opened a few hours ago,0
469,unloaded eurusd puts waiting to see if 136 breached and eu markets closing soon so dont want to carry overnight,0
470,at the  momentshort on eurusd and gbpaud eurusd stop at break evengbpaud stop at 15632,0
471,italys bond auction were weak10 yr bond yields were at 7 and the corelation between the eurusd pair and 10yr bond yields are very high,0
472,jeezzz 25 pips rise in eurusd one min before us market open and you say it markets are not manipulated,0
473,new days lows for eurusd looks like the semiofficial bid was filled in there and eurusd slide continues with a low of 13635,0
474,usdeur  support is indicated at the 50 day moving average use 200 ma as pivot andor stop for positions to be initiated or underway,0
475,no follow through to initial optimism seen in asia yield spreads widening again after italian auction and eurusd dips to below 137,0
476,market closedeurusd sell or shortenter 137719 and we have closed the position at 136823with a profit of 89 pips made,0
477,trailing stops to be on eurusd and audusd longs,0
478,trailing stops to be on eurusd and audusd longs,0
479,esf 1263 short  using 12645 as stop and eurusd rg as confirmation of my wrong trade,0
480,taking a small eurusd long  13688 with 13664 stop below that level and my impulsive st count is invalid ,0
481,taking a small eurusd long  13688 with 13664 stop below that level and my impulsive st count is invalid ,0
482,eurusd  testing 13700 again  but still  seems weak and consolide stand by and watching,0
483,so i will enter short or sell at 137719 on eurusd and i will wait for the market to come down to 136944 and it brake through,0
484,still short eurusd and long eurchf from last week ,0
485,eurusd  at 13700 again seems consolide in short term  standing by  and watching,0
486,eurusd  now  at the 13700  strong resistance level  and probably  will move  long  in  shortmiddleterm   but  it still seems weak,0
487,13749 8am eurusd pivot did not get above it and down,0
488,0528 gmt eurusd and gbpusd are pulling back into the confluence zone use care wait for confirmation,0
489,eurusd london session is open  watching charts to define if  any long or short trend but now   it still seems weak and consolide,0
490,ubs  long inr try and brl vs eur and long usd vsczk,0
491,ubs recommends buying the chf on dips to 12000 and the jpy on dips to 7500 as investors navigate the currency market in 2012,0
492,start trading on eurusd and get 73 payout every 15 mins after 800 am gmt,0
493,ok  back from a 2 week holiday  and first trade is short sp500 at 1272 and eurusd at 13770  will be building on these trades,0
494,still believe usdchf long will be a good trade especially with snb rmours of intervention eurchf to 1257 and usdchf to parity,0
495,eurusd  and es dont appear to be agreeing,0
496,  eurusd  weekly outlook and trading idea,0
497,  that was nothing blake had way better ideas gbpusd long friday morning and euraud earlier in week were spot on,0
498, and money eur usd in 138,0
499,i just posted new broker of easy recent panic passed but   dax and eur  usd  trade preparation read it here http,0
500,if u traded the  eurusd this week and ur still sane  kudos to u,0
501,eurusd and gbpusd continue to move higher as the usdindex weakens,0
502,audeur going wild v usd on italy reforms and  bond spreads looking for short entry at 618 retracement of recent downmove at 10269,0
503,currency exchange on the ticker gbpeur back upto 117 and gbpusd back to 160,0
504,fyii am very bearish eur and uber bullish the usd just not today on a friday with italian vote tomorrow doesnt make sense today ,0
505, good morning m8 i think this congestion at eurusd and the clear since yesterday sup res give amazing range scalping opportunity,0
506,trader 3 green and 11 red on the eurusd daily is your count different,0
507,does anyone else do usd and eur accounts for uk residents with debit cards and no annual fee  minimum balance citi are consistently crap,0
508,gc  si 2h not so clear but macd moving up now and ma5 xing ma21 taking a  bite here as we see eurusd pair rising hedging with fx futures,0
509,steve  the market is still short gbp and eur v usd  isnt it therefore short covering at any time,0
510,man  i missed out on the euro today  but got a good push with the eurusd and eurcad,0
511,eurusd to continue up must tackle 13678 and 13700 convincinglyotherwise there will be a pullback,0
512,eur and usd looking to cross on fc also,0
513,looking to buy usdscandi markets on dips fresh upside ahead eursekthe market remains very well supported and we look for a contin,0
514,eurusd classical technical report 1111 eurusd  the latest break and close back below 13600 confirms our core bearish bias and s,0
515,eurusd classical technical report 1111 eurusd  the latest break and close back below 13600 confirms our core bearish bias and s,0
516,positional jackpot againbuy nifty 5200 call 79target 125 and 148stop loss 54      ,0
517, you hit the nail on the  head plus look at what be considered to be a head and shoulders pattern on the eurusd,0
518,next stop  131 eurusd down to 135800 and sinking,0
519,eurusd down to 135800 and sinking,0
520,head and shoulders now in play on eurusd to 13200 may be in play overnight in audusd  to 9850  usdcad to 10500 if necklines break,0
521,looking at the daily charts of usd and eur it seems euro should move higher while usd bases lower,0
522,another terrible day for me in the eurusd  i was doing so good for so long and the past couple weeks have been horrible,0
523,thanks james took the tradeeurusd with youa little late during the webinar and have been following the updates here awesome,0
524,out of nvls in cash waiting for market direction following italian and spanish 10 year yields eur usd break of spx trend  vxx faz,0
525,eurusd short is  40 pips and working well,0
526,we have changed the name of this investmnet plan from test to start and investment range in this plan is between 100  500 usd  eur,0
527,working orders sell eurusd and sell audusd,0
528,back in the eurusd  audusd short targetting 13150 and 09850 respectively in a small losing position on the cadusd long  the usdjpy,0
529,cl jumps to 98 eurusd holds 1361 and were at sp 1242 the only one not playing is aapl still under 386,0
530,what is wrong with the markets ezone under siege and eurusd trading at 136,0
531,european stocks closed mixed eurusd back above 136 and precious metals trim losses wtibrent holding above 200dmas ,0
532, hello could you please tell which eurusd chart period hashead and shoulder chart pattern,0
533,european gdpweighted 10 year yields and the eurusd i have attached a chart showing the relationship between the eurusd and the gdpwei,0
534,eurusd hit pretty much spot on bought target 1350 13572 now rsi down at 25 macd rising and turning in 5 min chart,0
535,brent is moving back into step with eurusd where volatility has spiked and ave volumes are more than double yesterdays,0
536,wow  son of a gun  i am now short gbpusd eurusd and audusd,0
537,we let go of 136 again on the eurusd and we go down hard again today cant gap up on airbe careful w longs imo,0
538,i am now short gbpusd eurusd and audusd,0
539,eurusd  over 13550 next target is 13715 and 13780 respectively,0
540,i am in 4 trades small positions eurusd audusd short and usdcad long happy for the moment still in the usdjpy long whydont ask,0
541, kes at 9485 to the usd progress 12884 to the eur 151 flat to the gbp and 1182 to the rand go kes,0
542,usd fell 300 pips to 13521 and other risk assets posted similar the p  fell 36 to 1129,0
543,kes at 9485 to the usd progress 12884 to the eur 151 flat to the gbp and 1182 to the rand go kes,0
544,sort the eurusd with cost average 13577 and long usdcad with cost average 10225 targets eur to 135 then to 132 cad 105 with h s,0
545,eurusd long order filled  13570 above 13585 and the pair will validate a zigzag from the high ,0
546,eurusd long order filled  13570 above 13585 and the pair will validate a zigzag from the high ,0
547,rt kes lower than 9530 against the usdsep levels12975 to the eur july levels15188 to the gbpaugust levels and 1192 to the rand,0
548,sold eurusd at 13613 and back at 13600 now waiting for sell another rally  ,0
549, positive the local currency is posting gains against the usd the gbp and the eur,0
550,kes lower than 9530 against the usd sep levels 12975 to the eur july levels 15188 to the gbp august levels and 1192 to the rand,0
551,strong px in eurusd and audusd off the lows wave 3 could be over soon counting 13520 as wave 1 high so it should hold on a pullback,0
552,so ecb buying the bonds this morning and eurusdgt stocks rising one needs to puff the magic dragon to be bullish,0
553,what happens eurusd if the ecb start printing naturally you expect it to fall and hard but the risk on effect will offset it righttricky,0
554,malema suspended from anc for 2 years sentence suspended for 3 years usd 804 eur 1090 and gbp 1281,0
555,lowering my eurusd stop to 13140 making it a longterm trade going to add to audusd and eurusd if they continue lower with same stops,0
556,lowering my eurusd stop to 13140 making it a longterm trade going to add to audusd and eurusd if they continue lower with same stops,0
557, pegged against the aus dollar im not sure the longer you wait the better eur is gonna tank and prop the usd up a little now,0
558,eur and aud bullflagging against usd,0
559,usd falls against jpy nicely to test gr but so dont eur and aud,0
560,no sign of a bounce eurusd and audusd are showing no sign of a bounce in early asia with both pairs trading below their ny close the a,0
561,deleveraging of euro and weak dollar put gold in unsupported flux  eurusd at 1315 is entry for usd buy in,0
562,tonight watcheurusd to 13380 and then 13150 if this happens 52 week low was 12870not that far away as a target in the coming weeks,0
563,stating the obvious tonight in asai and overnight in europe will be critical in market direction into the weekend eurusd to 13200 poss,0
564,pending long euraud and usdcad entered short audusd and eurgbp,0
565,locked in 35 pips on 5 lots and currently up 47 on the remaing 5 lots short eurusd,0
566,i want eurusd back to 13600 to reenter the audusd back 2 10200 and nzdusd 7850 what are the chances my eyes are glued to usdcad,0
567, eur strengths completely irrational should be much lower my take china is buying eur for diversification and us to keep usd low,0
568, i know but i have 30 lots on eurusd also and if anything the gbp may be prone to a spike because of gbpeur pair,0
569,usd  gbp stronger against the eur in trading today  concerns of italy and greece escalate  11911,0
570,eurusd intraday update 13550 held to the pip and a magnificent 50 pips bounce already from the big support zone ,0
571, replace greece by california eur by usd ecb by fed and then tell me whats the difference,0
572,eurusd has a weakish support at 13520 and a far stronger one at the 13360 levels trade accordingly,0
573,just an opinion im set up to sell eurusd at 136 and audusd at 102,0
574,eurusd  huge rejection off that weekly pivot 13850 for a massive fall supports at 13550 and 13490,0
575,more than 100 pips in the money on usdchf and more than 200 pips in eurusd turning out to be a good week,0
576,eurusd loses critical support  downfall accelerated eurodollar finally lost the critical support line and its losses are acceleratin,0
577,the strategists at citifx say they retain their view that they can see a move towards and possibly below eurusd 13000 in the weeks ahead,0
578,today we are currently selling usd  10399 eur  14426 and gbp  16797 please call for rates on large trades 5197637330,0
579,eurusd not pulling back yet and usdcad at breakoutinteresting i want to enter usdcad longi would like a pullback please 10160 ,0
580,cut another 14 of the eurusd pos to be up on the day keeping the better half from 138 on and will look to hold this more medium term,0
581,im running some small eurusd shorts from aroun 138 and long gbpusd from around 161 nearly stopped out on the latter though,0
582,eurusd and gbpusd continue their trend lower as the usdindex 096 gains strength,0
583,if you have been following eurusd this morning you will have seen the action around the 50 and 00 numbers powerful yet ignored by many,0
584, i got 523 pip till now form my eurusd trade as mentioned b4 and i think i ll get more,0
585,while im expecting eurusd to drop to at least 134135 and even a test of 132 is possible i dont think that well see it below 13140,0
586, pleased you did well i have es march contracts and the eurusd to manage for the longer term so keep me busy,0
587,trailing stop to be level on eurusd short 13833 corrective channel seems broken now and im expecting this drop to continue ,0
588,trailing stop to be level on eurusd short 13833 corrective channel seems broken now and im expecting this drop to continue ,0
589,eurusd and gbpusd look to make a test on psychological levels of 13700 and 16000 to the downside respectively as the usdindex,0
590,if eurusd can break and hold 137 13670s will be first bear target before 13650s  bulls will be looking to hold here tho key area,0
591,just shorted the eurusd and made a tidy sum,0
592,closed my short gbpusd from yesterday 90 pips and still hold my es futures short and eurusd for long term,0
593,italianbund spread breaks on through 500 bps btp 10yr yield a whisker from 7 and eurusd down 1 big figure from days high,0
594,eurusd back to 4 hour pivot and down often happens when it opens at 8am below 4 hour pivot glad i was not long,0
595,if the futures keep droppin and hold expect the eurusd 2 go down and retest 3680 had a couple spots on the way down 50 and 20,0
596, eur aud and cadbearish on usd not quite sure shes ready yet though  but i will be taking a m15 hl on euro,0
597,if the futures hold i think we will see the eurusd pair come down and test 3755 since the market has been so light looks like it wants too,0
598,europe is seen opening higher on wednesday with support from us yesterday and asia today eurusd trades flat at 138 as italian bonds rise,0
599,personally i am still lookin for sells in both the eurusd and gbpusd theres been some great opportunities in the last few days,0
600,eurusd has found strong resistance at 3850 gbpusd at 6100 both pairs have hit these points and bounced off each time,0
601,starting to establish a eurusd short position sold 13 here  13833 and placed a limit sell order for 23  13920 stops are  14020,0
602,starting to establish a eurusd short position sold 13 here  13833 and placed a limit sell order for 23  13920 stops are  14020,0
603,doesnt appear the eurusd and es are trading  nsync,0
604,trades holding overnight are net long usd against cad at 10080 tp 10175 gbp at 16115 tp160 and eur at 37 tp 00 should be good ,0
605,eurusd can it get through 3850 and hold into asia,0
606, still short es march contracts at 1235 and eurusd around 13780 tp around 1100s and 13160,0
607,eurusd and us stock futures spike to the upside after the italian president says berlusconi is to resign after new austerity measures,0
608,breakout opportunities for audusd and eurusd on berlusconis decision both the audusd and eurusd have experienced choppy price a,0
609,breakout opportunities for audusd and eurusd on berlusconis decision,0
610,eurusd is actually forming a bullflag on 1min now just gonna watch and renter later,0
611,if we take out 13770 we break neckline on 80 pip head and shoulders in eurusd,0
612,closed a buy position eurusd and made 4,0
613,brent 115 assets  commodities safe havens compared to eur and usd,0
614,  waiting for this eur usd to bereak is like watching paint dryhowever when it goesit will be fast and furious,0
615,nice lil break out north on eurusd gbpusd lets sit bye and see if it actually really takes,0
616,get ready for eurusd to reach 135 before going up again so lets short brent and wti at these levels,0
617,eurusd and sometimes it just takes of quickly after 8am and then above that 4 hour pivot 13742,0
618,eurusd sell at 3750 paid off 25pips and sell on gbpusd about 30pips,0
619,look for support for selling gbpusd 6060 area and 3750 area for the eurusd both have held nicely the last week pay attention 2 futures,0
620, look for strong resistance at 16000 gbpusd and expect resistance around 6030  and eurusd 13700 and expect 3720 res ,0
621,look for strong resistance at 16000 gbpusd and expect resistance around 6030  and eurusd 13700 and expect 3720 resistance,0
622,pay close attention to the dow futures points to a drop in eurusd and gbpusd took some sells early on in the asian session,0
623,i took a sell eurusd 3750 paid off great last night and a sell of the gbpusd 6050,0
624,on eurusd  look to buy around 13755 with sl  13740 and tp  13795,0
625,i just posted silvios fight against the withdrawal  dax and eur  usd  trade preparation read it here ,0
626,i am long the usdjpyusdchf  usdcad and short eurusd all trades set to my targets mentioned earlier small positions good risk rewards,0
627,looks like a few traders are short eurusd and long equities this must be a bet that the ecb will do what the fed have done,0
628,looks like lower highs are going to be made on the eurusd and audusd today before the close which could set up a good short position,0
629,short eurusd on intraday head and shoulders pattern,0
630,what a rough day for me in the fx world  i walked away from the computer for 2 minutes and i got creamed with a big position in the eurusd,0
631,pending long euraud and usdcad short audusd and eurgbp,0
632,  eurusd jumped  and ecbs stark said everything under controlthats all i see  if u believe stark ive got a bridge,0
633,looking to reenter eurusd on a short on a pullback as close to 13800 pullback on usdchf to 8950 if poss and usdcad looks great long,0
634,back after a week in europe i took almost 250 pips overnight eurusd short usdchf long nzdusd short and usdcad long still in usdjpy,0
635,the eurusd regains its losses and is turning higher ,0
636, ecb draghi and transparency haha welcome to europe chris just brace yourself hell kill the eur faster then ben the usd,0
637,so if french bank x needs capital and owns assets denominated in usd it will sell them then exchange them for eur  a long eurusd trade,0
638,trailing stops to be on both eurusd longs to 13759 and 13725 respectively ,0
639,trailing stops to be on both eurusd longs to 13759 and 13725 respectively ,0
640, my clients talk millions and different currencies zar eur gbd usd sheeeessshhh big bank hanks hey zulu,0
641,looks like a short squeeze in eurusd and cable at moment,0
642,eurusd starts week with choppy trading and remains in rising channel,0
643, all currencies are dynamic so usd eur gbp and aud are all localized  100 fair for everyone,0
644,eurusd spikes 20 pips lower with moves lower in the dax and a pop to the upside in the bund after berlusconi denies rumours of his,0
645,eurusd spikes 20 pips lower with moves lower in the dax and a pop to the upside in the bund after berlusconi deigns rumours of his,0
646,aussie weak against eur gbp and nzd  stronger against the usd somebody is lying,0
647,eurusd shot up to 13780 and got resisted there now at the 60s level testing 80s again if break through and close above 13780 expect 00,0
648,eurusd isnt very choosy about what it will rally on  just give it a red bloomberg headline and off it goes,0
649,euro struggling after poor eu retail sales 07 eurusd below 137 and gbpeur up towards 117,0
650,fx model our inhouse model is currently long the yen via euro aussie and usd and also short eurusd,0
651,eurusd strong resistance at 3700 seems like the market is really just confused and doesnt know what it wants to actually do keep s tight,0
652,eurusd amazingly strong all things considered if italy has 300bn to issue next yr and these yields hold then there goes most of efsf funds,0
653,eurusd 3720 seeming to be good support for this down drop dow futures are holding around 139 and usdndx finding supp  and res26,0
654, really need help on d eurusd marketwhats levels do i prepare to buy and sellam waiting,0
655, rates 20111107  chfcny 71159 eurchf 12283 usdchf 08920  this tweet will be updated on tuesdays and fridays from tomorrow on,0
656,market talk of stops in eurusd below 13700 and then below 13680 trades 13718 73pips last  unconfirmed,0
657,the eurusd dropped and traded at 133764,0
658,looking for a break of the eurusd below 13715 to exposed 13650 and maybe 13600,0
659,rt nyang kes snaphot  97423 to the usd 13381 to the eur and 15595 to the gbp 1227 to the rand  replay of midsept levels,0
660, what are the next resistance levels for the kes against the usd the eur and the gbp,0
661,kes snaphot  97423 to the usd 13381 to the eur and 15595 to the gbp 1227 to the rand  replay of midseptember levels,0
662, 6ef esf clf all moving together tonight     watching eurusd and es,0
663,eurusd look for major support at 3800 and i think if we break 3850 we will most like atleast test 3930,0
664,opening positions short gbp usd short eur usd and short eur gbp,0
665, usd and eur notes with writing on them arent accepted in egyptians banks as unfit but of course we cant do with the egp notes,0
666,eurusd outlook november 711 eurodollarsank down the previous range and couldn t fully recover in a very tense and busy week are,0
667,eurusd everytimes it hits14050 you can enter selland get pips by 40 steps,0
668, you have eurusd and esf im happy  might want to add nq to the list,0
669,pending long euraud and usdcad short audusd and eurgbp,0
670,eurusd and gbpusd receive support as the usdindex comes off its highs,0
671,ywsa fund covered short eurusd and audusd for 20 pips and 21 pips sold usdcad for 117 pips currently holding usdjpy still ,0
672,had a horrible day trading the eurusdso me and a few friends are going to vinnys club here in london for some drinks and dancing,0
673,placing two eurusd sell limit orders  13770 and 138 with 13872 stops targeting 135 ,0
674,placing two eurusd sell limit orders  13770 and 138 with 13872 stops targeting 135 ,0
675,it was freaky friday just sold the eurusd at 3850 and road it down aways has been a sweet spot to sell it off there for the last week,0
676,too all asia clients we have over  100 pips in eurusd if you want to get rest earlier put trailing stop 30 pips and you are good to go,0
677,eurusd now plunging well below 138 line and is approaching 13750 minor support is at 13725 followed by significant support at 13650,0
678,so eurusd agn tops out ard 1385055 and cable topping ard 16020,0
679,so eurusd agn tops out ard 1385055 and cable topping ard 16020,0
680,so eurusd agn tops out ard 1385055 and cable topping ard 16020,0
681,so eurusd agn tops out ard 1385055 and cable topping ard 16020,0
682,so eurusd agn tops out ard 1385055 and cable topping ard 16020,0
683,so eurusd agn tops out ard 1385055 and cable topping ard 16020,0
684,so eurusd agn tops out ard 1385055 and cable topping ard 16020,0
685,gabb think so too exchange rate will always apply probably even twice as i will pay usd from eur and you will pay eur from gbp,0
686, we need to keep a close on the cross r2 of eurusd and spy once that break so does the news flwo bs,0
687,eurusd confused stuck in the middle consolidation and its friday again perhaps a walk is needed,0
688,markets waiting on news from greece and g20 summit usd 788 eur 1088 and gbp 1260,0
689,search for s prof danthine hes enhancing the risks in short  mkt with  and  this morning one for daredevils  hft only,0
690,if today the eurusd can break out and close below the 13756 level then this indicates considerable bearish strength,0
691,while if the eurusd today can break out and close above the 13890 level then this indicates considerable bullish strength,0
692, gm 50pips just wanted your opinion i see a bullish flag on eurusd charts 5 min and supported by ma any thoughts,0
693, boj doesnt have a direct swap line so would have to print yen swap for usd and then swap those at the fed for eur,0
694,eurusd short was triggered at 13805 for me  stop 13975 and tp 13624 any thoughts is italy next,0
695, what would you do i am up 50 on the eur usd with a buy now with payroll and all what do you think,0
696,eur usd 13672 they said it would happen and its happening the  will see further erosion,0
697,eurusd shorts from 13712 and 13805 banked 3700  12105 draghipips,0
698, vahopski    so far so good here eur usd  on the up and  on the way down,0
699,out of eurusd long 40 pips looks like wave b is over and wave c down could unfold,0
700,out of eurusd long 40 pips looks like wave b is over and wave c down could unfold,0
701,impressive how eurusd moves only with news related to greece and gpap impressive terrible and really sad,0
702,when push comes to shove europe makes some real moves and they are good ones  finally the big short begins  usd,0
703,you really think in eur will recover better play is buy eurjpy boj looks at usdjpy and try to hold firm less risk play than eurusd,0
704,should finally see some divergence bet usd and eur spx spy fxe,0
705,ecb rate annouce in 2 draghis 1st time watch 2y bund yields for direction in eurusd higher bund yields  higher eurusd and vice versa,0
706,said it before ill say it again key to  is not us economic data its the usdeur and usdcny cross rates weak usd  no ,0
707,american session november 3eurusd  target is 13850gbpusd audusd waiting for ecb and g20 summitusdchf  no variants,0
708,newsrumors a minute out of greece this morning is less ridiculous than the fact that eurusd and es are trading up this morning ,0
709,the fluid situation on the greek government and the future of its prime minister continue to prompt highly volatile trade in eurusd,0
710,shorting eurusd now ahead of ecb meeting a cut and the euro will sink if they dont it likely wont to rise much and could still fall,0
711,eurusd pares losses and returns to 13800,0
712,following the headline the greek pm may withdraw the referendum proposal eurusd spiked 30 pips higher above the 13800 handle and,0
713,interesting usdjpy wont drop below 78 and eurchf 120 so eurjpy automatically rally if eurusd goes up usdchf rally eurusd down,0
714,right going short audusd up here shouldnt really break 10300 now looks like short term stops all taken out in audusd and eurusd now,0
715,right going short audusd up here shouldnt really break 10300 now looks like short term stops all taken out in audusd and eurusd now,0
716,right going short audusd up here shouldnt really break 10300 now looks like short term stops all taken out in audusd and eurusd now,0
717,right going short audusd up here shouldnt really break 10300 now looks like short term stops all taken out in audusd and eurusd now,0
718,right going short audusd up here shouldnt really break 10300 now looks like short term stops all taken out in audusd and eurusd now,0
719,right going short audusd up here shouldnt really break 10300 now looks like short term stops all taken out in audusd and eurusd now,0
720,right going short audusd up here shouldnt really break 10300 now looks like short term stops all taken out in audusd and eurusd now,0
721,   kes performance at noon  9676 to usd 13287 to the eur 154395 to the gbp and 1204 to the rand,0
722,  kes performance at noon  9676 to usd 13287 to the eur 154395 to the gbp and 1204 to the rand,0
723, kes performance at noon  9676 to usd 13287 to the eur 154395 to the gbp and 1204 to the rand,0
724, kes performance at noon  9676 to usd 13287 to the eur 154395 to the gbp and 1204 to the randgtfinally its stabilizin,0
725,kes performance at noon  9676 to usd 13287 to the eur 154395 to the gbp and 1204 to the rand,0
726,kes performance at noon  9676 to usd 13287 to the eur 154395 to the gbp and 1204 to the rand,0
727,eurusd 13700 area and below pivot the 4 hour at 13683 may get a bounce up from there,0
728,if papandreu has shorted eurusd and all of the markets before referendum decision its now millions of dollars,0
729,  im a mediumterm usd bull and very bearish on gbp and eur greek announcement supports this notion,0
730, as a firm believer in usd strength the collapse of the eurozone and the eur and national sovereigntyi hope not,0
731,eurusd not a great day just 14 pips and 4 trades tired goodnight all ,0
732,eurusd big game of chicken happening between pap and euimf,0
733, take the money and run time eh lolyour eurusd 129 target by year end looks safe,0
734,good morning everyone the sell rates for today are usd 10326 eur 14499  and gbp 16727 please call us for more rates 519 763 7330 ,0
735,  so from a macro perspective and long term eurusd is undervalued if germany goes down stick a fork in it,0
736,boom  13757 eurusd  tp and that concludes todays trading,0
737,european equities drifting back from their highs traders watching for further weakness in eurusd and italian bonds ,0
738,actual correlation eurusd and sp,0
739,bought eurusd 13680 and 137 and take profit at 13780 in the pocket add more shorts volatile markets in current range  profit ,0
740,risk back on as cable euro and aussie post session highscable at 1597679 eurusd 1371518 audusd 1034548,0
741,so lets call eurusd 137 the line in the sand for now cl is tracking toward 91 and just wait for greece to i dont know implode,0
742,the usd rallied again overnight the eur made three week lows andcommodity driven currencies like the aud and cad pulled back,0
743,eurusd expect it to terminate between 13850 and 14100  looking to sell in that area,0
744,the night is early the news sketchy the runup after cashclose was typical es is  1217 cl is clinging to 91 and eurusd under 1365,0
745, with ths olympics on the horizon and the foreign money crisis in dispair whats a good position to take on eurusd,0
746,eurusd and us stock futures come under pressure after papandreou says will hold a referendum,0
747,my thoughts for eurusd short squeeze to 1380013830 tomorrow and thursday morning rate cut and nfp friday will lead eurusd to new low,0
748,long eurjpy 33 and sl  below  first target 58 and let the rest lot run last trade for day usdchf still  on,0
749,es tried to bo wout the tf nq or eurusd against ibh and clvn  low odds on that one to continue higher on 1st push,0
750, given that the eurusd and sp have been pretty negatively correlated u must b very bearish on the mkt long term,0
751,now 100 tna  sold my tza  playing the bouncecorrelation between tnatza and the eurusd ,0
752, amazing call on eurusd and yen bank on lien,0
753, man short order on eurusd armed and ready lol,0
754,the eur vs usd tells a long term very bearish story for the eur rather clearly failing again at another interim and lower low breaking 137,0
755,now diya properties respond its 300million naira sir and i was like  how do u want it cash cheque usd gbp eur,0
756,eurusd is sliding fast and im on the wrong end of the trade hope technicals work this week,0
757,bulls buy here otherwise no one who gonna sell later  eurusd with ecb and nfp think well see 135 much earlier than i expected ,0
758,faros macro minute  follow the leader late in the day yesterday i sent around charts of 1m usdkrw eurusd and audusd the first two,0
759,eurusd continues to come under selling pressure as european and us stock futures print new session lows trades 13662 last 196 pips,0
760,out of both remaining eurusd shorts from 13715 and 13660 3665555,0
761,one ez meeting finished and another crisis looms if greece should exit ez major implications how would eurusd react with a weakling out,0
762,eurusd is heading towards 127 possibly  a lot lower if we continue with greece and italy news downside pressure should continue,0
763,on the day  and  led while  lagged on intervention followed by ,0
764,eurusd update 4 hour 200sma 13680 held and eu has bounced back to 13740 area already,0
765,eurusd now back above 137 with a nice bounce  bulls will want 13750 but the bears are strong and will want back below 137 asap,0
766,my fx fear gauge used to be eurchf   nowadays its usdnok and you can see fear is back,0
767,usd is getting stronger against eur gbp aud and chf use care on going short usd,0
768,eurusd has dropped till 13760 and below now and still continuing dropping again,0
769,eurusd intraday current price 13759 supports at 13750 and 13710,0
770,what happens to eurusd its keep dropping and still continuing like this for hours,0
771,13800 is critical to the downside and a break here suggests 13685 will come under attack quickly eurusd,0
772,go short in eurusd and buy eurgbp at cmp,0
773,ubs raises     and  onemonth and threemonth forecasts now expects audusd at 09700 in 3 months dow jones,0
774,after a heavy bout of selling pressure today with the usd outperforming across the board eurusd has now settled and is flirting,0
775,had a great day coveredd short in eurusd and sold faz long,0
776, try to give good calls which are genuineeurusd is weekas it breached 140000 it has to come till 138000and cmp is138417,0
777,eur usd plunge lower and lower,0
778,usd 140 to eur 1  bulls vs bear seriously we are all puppet of the trade market and the likes of george fracking maddoff,0
779,eurusd and gbpusd contradicting eachother unsual,0
780, you watch the eurusd levels  and ill watch you good luck to us both,0
781,still in eurusd long and nzdusd long  audnzd short because the break,0
782,so eurusd now at 13950 because we reached 142 target 135 in coming weeks all the buyers will sell soon taking profits and stops ,0
783,reenter short audnzd again after the bounce back to 13010 still eurusd and nzdusd long after the pull back,0
784, i am with you my friend eurusd long and nzdusd long too after this pullback,0
785,the bulls really need to chill and let the eurusd do its thing,0
786,eurusd moving alone for the first time its not a  strength but  weakness   and other currencies not following  ,0
787,still long eurusd and nzdusd still bull trend,0
788,took out shots short from eurusd from 14072 and 13998 4020 some min ago 5222 short again 4098,0
789,long eurusd and nzdusd long,0
790, intervention  spike  sold jpy in tokyo morning session at 756 and it rose to 793  jpy at 10710 pushing it to 1115,0
791,eurusd orders this boj action has really shook the market awake and everyone is now expecting big moves good sized bid at 14000 with s,0
792, what were u saying about boj i get up early to find my usd  eur longs triggered and 300 pips also usd index is strongly up,0
793, hi need your help now my position is in buy 11645 and i am going in loss 300  tell me eur usd going  up or i cut my position,0
794, all pairs with eur usd jpy chf and gbp are basically dirty floats fattail freq higher than with minor pairs fwik,0
795,eurusd   to crack  dx  dollar to pop and usdjpy  looks halted,0
796,wholesale prices will be refreshed tomorrow november 1st usd eur chf and myr accounts will be affected  please check your margins,0
797,its raining money just logged in to see 2 usdjpy positions up 300 pips ave aud short up 120 and 3 eur ave 125 pips tough week ,0
798,japan finally loses patience and intervenes heavily to weaken yen usd rallies big time to near 7950 eurusd dips to 14050,0
799,realized gain 382964 sold all positions audusd profit 283600 usdchf profit 39254 and my sell eurusd 60100 total 4000 nice results,0
800,contracts held 400000 audusd 100000 usdchf and 100000 eurusd profit holding 2600,0
801,profits dropping on all three eurusd usdchf and sell eurusd now 2300 total question is when do you take profit  i am on hold,0
802,documenting profit audusd buy now 106131 616 usdchf now 86572 305 and sold eurusd 141022 426 not selling yet profit till sold,0
803,take a look at the eurusd and audjpy  huge moves in process,0
804,and if everyone is already short eurusd and were covering this could be one hell of a drop,0
805, jordan be careful with eurusd and audusd they both can reduce the rates and both the pairs can get stopped out,0
806, im waiting for tomorrow we should see nice retracement after long rally on eurusdits exactly  618fib and friday confirmed it,0
807, btw otacute is japan based even tho they show prices in usd and eur i ordered from them and it shipped from japan,0
808,eurusd and eurjpy  charts are going in the same directionthis is the trend of the past dayseur is leading the movements directions,0
809, we accept payment in usd eur gbp and aud because of that the top list will change a bit,0
810,eur gbp chf aud and cad are all stronger than the usd right now,0
811,how long will greece be able to keep this up no change to the eur today selling at 1458 the usd effected and is now selling at 10129,0
812,usd option dealers note hedging of prior barriers amid the euro rise which has produced 14200 1417565 and 14100 intraday expiries,0
813,eurusd still over 1417 dx up a dime cl pulling back to 9260s so es down 6 is mild and no one care about gc these days,0
814,sitting in a meeting room over a financial plan going from gbp to eur and usd and back ,0
815,usdindex strengthens as riskaverse traded gathers pace which in turn is weighing on eurusd and gbpusd,0
816,in the aftermath of the eu summit yesterday the eurusd is starting to range and lower itself possibly to 14100 tonight,0
817,2 scalps successful today on audusd and gbpusd next goal for me is to scalp eurusd by the end of today,0
818,eurusd stuck be careful and its friday ,0
819,eurusd gtgt 90 and 200day around 1405014100  112010high 4285  stochastics badly overboughtwatch usdata 30 and 1555,0
820,cannabinoid cable and eurusd like a bit of movement on a friday  that said yesterday was a monster day so we could consolidate,0
821, i was never short usd i was short eurusd so long usd and short eur and i closed the trade at a profit today,0
822,previously i told 2 things to watch bkx bank index and eurusd both broke out today  bullish sign im in,0
823,levels to watch eurusd important technical resistance at 14250 eurjpy important technical resistance near 10950 eurgbp break and,0
824, capitulation by equity and eurusd shorts,0
825,took some lumps on eurusd or how we look at it taking risk off and will put back out higher no use in wasting capital and time,0
826,insane  i cant believe what i am seeing  eurusd and with the sp,0
827,and long risk eurusd audusd audjpy spx etc,0
828,i love to make transfers from usd to eur and see that right the next day is 4 points worse,0
829,if running eur dr might look at swapping into usd dr depending on your respective benchmark dr rates and spreads ,0
830,eurusd now at 14210 the 14180 was very aggressively defended so it missed by 2 pips at 14182 and now rally continues into friday,0
831,eur usd is not 14202 and  will hit 14243 at ressistence 1,0
832,spy gap fill and simultaneous eurusd gap fill bulls are about to get dicked by the global algo while i win as usual,0
833,eurusd and gbpusd continue to remain firmly bid as the usd index now trades down 185 for the day,0
834, i will be on  with  on  at 5pm today to discuss europe the eurusd and ,0
835,i will be on  with  on  at 5pm today to discuss europe the eurusd and ,0
836,usd and gbp getting hammered but eur and chf remarkably stable,0
837,why do i have suspicion that most macro hedge funds were on wrong side of eurusd commodities and equities   ,0
838,aljarah  yes the usdx eurusd crisis trade has really been about the dollar and not the eurothanks for posting ur counts,0
839,eurusdi suggest you to sell long and get your pips next week,0
840,be aware eurusd cot and audusd cot those traders short covering now try to get short in those pairs charts shows correction soon ,0
841,usd the euros latest surge has pushed through 100 and 200day moving averagesthat could be a sign that it is bound to continue higher,0
842,risky move is hardly the word it has become a disaster  all three trades went contrary signals were buy audusd eurusd and sell usdchf,0
843,us 3q gdp rose 25 as expected economy is on the right track should people short usd and long eur like what has done early this year,0
844,rt   mr market likes the new haircut sp futures up nearly 25 and eurusd knocking on the door of 14050 risk i,0
845,we are currently selling the usd  10156 eur  14477 and gbp  16417 please call for rates on large trades 5197637330,0
846,eurusd and eurjpy positive correlation thats amazing,0
847, and many already all spent nearly 50 of the total move thinking up up up for usd down for eur,0
848,poor old snb when eur is in trouble eurusd falls when eur is saved kinda usd falls incl usdchf and eurchf falls harrumph,0
849,poor old snb when eur is in trouble eurusd falls when eur is saved kinda usd falls incl usdchf and eurchf falls harrumph,0
850,buy on fear sell on greed buying the pig  eurusd 14 and shorting the omxs30 rally  1012 pts lets see how long this euphoria lasts,0
851,useuropean stock indices pulling back from highs eurusd falls below 140 and gold slips while still holding above 1700  ,0
852,  view  eurusd resistance will be centred around the 100 and 200 dmas 1407514098 with support at 13950 and 13880,0
853,eurusdthats whats upgo forth and buy,0
854,great trade and great night  long on eurusd cac  bnp ,0
855,eurusd at last some charts that are more readable and technicals were telling us big picture was up,0
856,eurusd near 7weeks high at 1400607 and jpyusd off lows below 76 and triggered boj intervention market haywire is the way to go,0
857,eurusd 50fib resistance of 1493913145 is 14040 and then huge sma 200 resistance on daily at 14098,0
858,scared afraid my worst nightmare is yet to come as eurusd sell and usdchf go south into loss territory,0
859,eurusd orders market is steadying now after the earlier volatility and that gives sales staff a chance to call their big customers and s,0
860,audusd sell moves back to 338 pip loss continues to impact profitable moves of eurusd and usdchf,0
861,eurusd and usdchf both profitable not enough to cover the loss of uadusd closer difference is now 100 potential for profits good,0
862,interesting research audusd change is 787 eurusd change is 57 and usdchf  change is 238 for the day not known till now hmmmmm,0
863,pattern with eurusd sell and usdchf buy beginning to move to profits current position is 40 between the two good news,0
864,nice trade on silver and eurusd now its time to bed ,0
865,spy we get a pop media bulltards all fixed eurusd implodes from inflation money leaves us markets and buys into fixed euro imho,0
866,documenting my trades being updated  audusd sell 10444 eurusd sell 139625 and usdchf buy 87898 goal profits by bedtime,0
867,just sold another small piece of usd 13990 and will sell one more 1405 stop 1415 my long usd 104 looks good so far,0
868,audusd and eurusd still opposite of my sell usdchf still opposite of my buy total loss now is 790   losses increase,0
869,rt      i covered my usd short today and was long futures all day good day trading,0
870,14000 on eurusd who would have thought not that long to go and you just cant keep a good euro down lol,0
871,   i covered my usd short today and was long futures all day good day trading,0
872,bearish scenario such as the ecb easing monetary policy and cutting interest rates could have effect of pushing the eurusd below 136,0
873,how many equity strategists and sell side analysts are covering eurusdseems like this is the only thing that will matter for some time,0
874,ok great i love thetoppings eurusd and gbpusd are forming on the daily just gives it a very bearish bias,0
875,talk of layered offers in eurusd up to 13975 and then again above 140,0
876, believe half of what you see and none of what you hear eurusd could be setting up a move higher but wouldnt bet on it just yet,0
877,eurusd pares most of its losses today aftr news tht china may be interested in euro debt expect it to continue uptrend and reach 14000,0
878,eurjpy and chfusd trades on october 26 2011 see how one trader profited by using todays technical analysis on a binary options platfo,0
879,and the win streak continues rt  french banks selling more usts converting usd to eur,0
880,it seems markets are buying into the no news is good enough and buying into the recent usd lows or eur aud and jpy highs amazing,0
881,just sold a small piece of usd at 13885 will add at 1395 and have a stop at 1405,0
882,my thought for tonight eurusd 1365013720 false move short squeeze till 1383050 and rest of the week try to get 140 on the board,0
883,trade careful tonight and be aware of short squeeze october good month on stockmarkets this limits a fall in eurusd next month 135,0
884,gbpusd and eurusd continue to come under selling pressure as the usdindex strengthens,0
885,usd 799 eur 1105 and gbp 1272 all eyes on europe,0
886,eu summit headed for failure  eurusd drops support appears at 13838 followed by 138 and 13725,0
887,are we back to gold is money silver is volatile money  us dollars and euros  not so much usdx eurusd gld slv iau dgp agq,0
888,seems like no matter what gets announed and no matter how expected it is eurusd will go up,0
889,good morning our sell rates today for usd is 10321 gbp 16696 and eur 14644 please call us for more rates 519 763 7330,0
